experiment_id,kind,path
adaptive_cognitive_kernel,checkpoint,experiments/adaptive_cognitive_kernel/checkpoint_manifest.csv
belief_filter_executor,checkpoint,experiments/belief_filter_executor/checkpoint_manifest.csv
bridge_dose_recombination_curriculum,dataset,experiments/bridge_dose_recombination_curriculum/data/dataset_manifest.json
bridge_dose_recombination_curriculum,large-artifact,experiments/bridge_dose_recombination_curriculum/large_artifacts_manifest.md
counterexample_rule_repair,dataset,experiments/counterexample_rule_repair/data/dataset_manifest.json
counterexample_rule_repair,large-artifact,experiments/counterexample_rule_repair/large_artifacts_manifest.md
cyclic_transition_ladder,checkpoint,experiments/cyclic_transition_ladder/checkpoint_manifest.csv
dense_latent_query_executor,checkpoint,experiments/dense_latent_query_executor/checkpoint_manifest.csv
dense_supervision_ladder,checkpoint,experiments/dense_supervision_ladder/checkpoint_manifest.csv
dense_teacher_distillation,checkpoint,experiments/dense_teacher_distillation/checkpoint_manifest.csv
end_to_end_structured_slot_executor,checkpoint,experiments/end_to_end_structured_slot_executor/checkpoint_manifest.csv
episodic_echo_ttt,checkpoint,experiments/episodic_echo_ttt/checkpoint_manifest.csv
execution_conditioned_repair,dataset,experiments/execution_conditioned_repair/data/dataset_manifest.json
execution_conditioned_repair,other,experiments/execution_conditioned_repair/data/repair_val_real_manifest.json
execution_conditioned_repair,dataset,experiments/execution_conditioned_repair/data/v2/dataset_manifest.json
execution_conditioned_repair,large-artifact,experiments/execution_conditioned_repair/large_artifacts_manifest.md
factor_recombination_ladder,dataset,experiments/factor_recombination_ladder/data/dataset_manifest.json
factor_recombination_ladder,large-artifact,experiments/factor_recombination_ladder/large_artifacts_manifest.md
feature_factorized_rule_diversity,dataset,experiments/feature_factorized_rule_diversity/data/dataset_manifest.json
feature_factorized_rule_diversity,large-artifact,experiments/feature_factorized_rule_diversity/large_artifacts_manifest.md
joint_register_executor,checkpoint,experiments/joint_register_executor/checkpoint_manifest.csv
latent_executor,checkpoint,experiments/latent_executor/checkpoint_manifest.csv
learned_sparse_slot_executor,checkpoint,experiments/learned_sparse_slot_executor/checkpoint_manifest.csv
query_filter_executor,checkpoint,experiments/query_filter_executor/checkpoint_manifest.csv
qwen35_4b_activation_steering,standard-artifact,experiments/qwen35_4b_activation_steering/reports/artifact_manifest.yaml
qwen35_4b_active_counterexample_trace_selection,dataset,experiments/qwen35_4b_active_counterexample_trace_selection/data/dataset_manifest.json
qwen35_4b_active_counterexample_trace_selection,large-artifact,experiments/qwen35_4b_active_counterexample_trace_selection/large_artifacts_manifest.md
qwen35_4b_adaptive_evidence_budget_policy,dataset,experiments/qwen35_4b_adaptive_evidence_budget_policy/data/dataset_manifest.json
qwen35_4b_adaptive_evidence_budget_policy,large-artifact,experiments/qwen35_4b_adaptive_evidence_budget_policy/large_artifacts_manifest.md
qwen35_4b_answer_potential_trace_sft,standard-artifact,experiments/qwen35_4b_answer_potential_trace_sft/reports/artifact_manifest.yaml
qwen35_4b_axis_corpus_v2_staged_repair,other,experiments/qwen35_4b_axis_corpus_v2_staged_repair/data/corpus_manifest.json
qwen35_4b_axis_corpus_v2_staged_repair,other,experiments/qwen35_4b_axis_corpus_v2_staged_repair/data/stream_manifest.json
qwen35_4b_axis_corpus_v2_staged_repair,standard-artifact,experiments/qwen35_4b_axis_corpus_v2_staged_repair/reports/artifact_manifest.yaml
qwen35_4b_axis_replay_stack_medium_target_match,other,experiments/qwen35_4b_axis_replay_stack_medium_target_match/data/corpus_manifest.json
qwen35_4b_axis_replay_stack_medium_target_match,other,experiments/qwen35_4b_axis_replay_stack_medium_target_match/data/stream_manifest.json
qwen35_4b_axis_replay_stack_medium_target_match,standard-artifact,experiments/qwen35_4b_axis_replay_stack_medium_target_match/reports/artifact_manifest.yaml
qwen35_4b_axis_stack_readjudication_medium_pilot,standard-artifact,experiments/qwen35_4b_axis_stack_readjudication_medium_pilot/reports/artifact_manifest.yaml
qwen35_4b_balanced_core_answer_potential_sft,other,experiments/qwen35_4b_balanced_core_answer_potential_sft/data/sft_manifest.json
qwen35_4b_balanced_core_answer_potential_sft,standard-artifact,experiments/qwen35_4b_balanced_core_answer_potential_sft/reports/artifact_manifest.yaml
qwen35_4b_balanced_discriminative_bridge,dataset,experiments/qwen35_4b_balanced_discriminative_bridge/data/dataset_manifest.json
qwen35_4b_balanced_discriminative_bridge,dataset,experiments/qwen35_4b_balanced_discriminative_bridge/data/model_discriminative/dataset_manifest.json
qwen35_4b_balanced_discriminative_bridge,large-artifact,experiments/qwen35_4b_balanced_discriminative_bridge/large_artifacts_manifest.md
qwen35_4b_bank_the_thoughts,standard-artifact,experiments/qwen35_4b_bank_the_thoughts/reports/artifact_manifest.yaml
qwen35_4b_banking_installs_structure,standard-artifact,experiments/qwen35_4b_banking_installs_structure/reports/artifact_manifest.yaml
qwen35_4b_banking_thinking_stack,standard-artifact,experiments/qwen35_4b_banking_thinking_stack/reports/artifact_manifest.yaml
qwen35_4b_bucket_belief_probe_ranker,run-data,experiments/qwen35_4b_bucket_belief_probe_ranker/data/bucket_eval_examples.manifest.json
qwen35_4b_bucket_belief_probe_ranker,run-data,experiments/qwen35_4b_bucket_belief_probe_ranker/data/bucket_train_examples.manifest.json
qwen35_4b_bucket_belief_probe_ranker,dataset,experiments/qwen35_4b_bucket_belief_probe_ranker/data/dataset_manifest.json
qwen35_4b_bucket_belief_probe_ranker,large-artifact,experiments/qwen35_4b_bucket_belief_probe_ranker/large_artifacts_manifest.md
qwen35_4b_clean_gym_mix_dose,other,experiments/qwen35_4b_clean_gym_mix_dose/data/corpus_manifest.json
qwen35_4b_clean_gym_mix_dose,other,experiments/qwen35_4b_clean_gym_mix_dose/data/lineage/lineage_manifest.json
qwen35_4b_clean_gym_mix_dose,other,experiments/qwen35_4b_clean_gym_mix_dose/data/stream_manifest.json
qwen35_4b_clean_gym_mix_dose,standard-artifact,experiments/qwen35_4b_clean_gym_mix_dose/reports/artifact_manifest.yaml
qwen35_4b_clean_path_statechain_extension,other,experiments/qwen35_4b_clean_path_statechain_extension/data/corpus_manifest.json
qwen35_4b_clean_path_statechain_extension,other,experiments/qwen35_4b_clean_path_statechain_extension/data/lineage/lineage_manifest.json
qwen35_4b_clean_path_statechain_extension,other,experiments/qwen35_4b_clean_path_statechain_extension/data/stream_manifest.json
qwen35_4b_clean_path_statechain_extension,standard-artifact,experiments/qwen35_4b_clean_path_statechain_extension/reports/artifact_manifest.yaml
qwen35_4b_code_abi_compiler_heldout_primitive_pilot,large-artifact,experiments/qwen35_4b_code_abi_compiler_heldout_primitive_pilot/large_artifacts_manifest.md
qwen35_4b_code_abi_oracle_coverage_ladder,large-artifact,experiments/qwen35_4b_code_abi_oracle_coverage_ladder/large_artifacts_manifest.md
qwen35_4b_code_confidence,standard-artifact,experiments/qwen35_4b_code_confidence/reports/artifact_manifest.yaml
qwen35_4b_commit_slot_jacobian_value_transport,standard-artifact,experiments/qwen35_4b_commit_slot_jacobian_value_transport/reports/artifact_manifest.yaml
qwen35_4b_commit_slot_semantic_power_replication,standard-artifact,experiments/qwen35_4b_commit_slot_semantic_power_replication/reports/artifact_manifest.yaml
qwen35_4b_confidence_guided_compute,standard-artifact,experiments/qwen35_4b_confidence_guided_compute/reports/artifact_manifest.yaml
qwen35_4b_confidence_policy,standard-artifact,experiments/qwen35_4b_confidence_policy/reports/artifact_manifest.yaml
qwen35_4b_constrained_coverage_dpo,run-data,experiments/qwen35_4b_constrained_coverage_dpo/data/eval_base_hot_k4_records.manifest.json
qwen35_4b_constrained_coverage_dpo,run-data,experiments/qwen35_4b_constrained_coverage_dpo/data/eval_base_hot_k8_records.manifest.json
qwen35_4b_constrained_coverage_dpo,run-data,experiments/qwen35_4b_constrained_coverage_dpo/data/eval_constrained_dpo_k4_records.manifest.json
qwen35_4b_constrained_coverage_dpo,run-data,experiments/qwen35_4b_constrained_coverage_dpo/data/eval_constrained_shuffled_dpo_k4_records.manifest.json
qwen35_4b_constrained_coverage_dpo,large-artifact,experiments/qwen35_4b_constrained_coverage_dpo/large_artifacts_manifest.md
qwen35_4b_context_composition,standard-artifact,experiments/qwen35_4b_context_composition/reports/artifact_manifest.yaml
qwen35_4b_context_local_jacobian_clamp,standard-artifact,experiments/qwen35_4b_context_local_jacobian_clamp/reports/artifact_manifest.yaml
qwen35_4b_count_dont_walk_enumeration,other,experiments/qwen35_4b_count_dont_walk_enumeration/data/corpus_manifest.json
qwen35_4b_count_dont_walk_enumeration,other,experiments/qwen35_4b_count_dont_walk_enumeration/data/lineage/lineage_manifest.json
qwen35_4b_count_dont_walk_enumeration,other,experiments/qwen35_4b_count_dont_walk_enumeration/data/stream_manifest.json
qwen35_4b_count_dont_walk_enumeration,standard-artifact,experiments/qwen35_4b_count_dont_walk_enumeration/reports/artifact_manifest.yaml
qwen35_4b_count_walk_menders_confirmation,other,experiments/qwen35_4b_count_walk_menders_confirmation/data/lineage/lineage_manifest.json
qwen35_4b_count_walk_menders_confirmation,standard-artifact,experiments/qwen35_4b_count_walk_menders_confirmation/reports/artifact_manifest.yaml
qwen35_4b_count_walk_replay_compound,other,experiments/qwen35_4b_count_walk_replay_compound/data/lineage/lineage_manifest.json
qwen35_4b_count_walk_replay_compound,standard-artifact,experiments/qwen35_4b_count_walk_replay_compound/reports/artifact_manifest.yaml
qwen35_4b_counterexample_directed_dsl,dataset,experiments/qwen35_4b_counterexample_directed_dsl/data/counterexample/dataset_manifest.json
qwen35_4b_counterexample_directed_dsl,dataset,experiments/qwen35_4b_counterexample_directed_dsl/data/dataset_manifest.json
qwen35_4b_counterexample_directed_dsl,dataset,experiments/qwen35_4b_counterexample_directed_dsl/data/random/dataset_manifest.json
qwen35_4b_counterexample_directed_dsl,large-artifact,experiments/qwen35_4b_counterexample_directed_dsl/large_artifacts_manifest.md
qwen35_4b_counterfactual_evidence_acquisition_curriculum,standard-artifact,experiments/qwen35_4b_counterfactual_evidence_acquisition_curriculum/reports/artifact_manifest.yaml
qwen35_4b_counterfactual_order_support_selector,standard-artifact,experiments/qwen35_4b_counterfactual_order_support_selector/reports/artifact_manifest.yaml
qwen35_4b_counterfactual_plan_reflection_transfer,standard-artifact,experiments/qwen35_4b_counterfactual_plan_reflection_transfer/reports/artifact_manifest.yaml
qwen35_4b_coverage_banking,standard-artifact,experiments/qwen35_4b_coverage_banking/reports/artifact_manifest.yaml
qwen35_4b_coverage_vs_selection,standard-artifact,experiments/qwen35_4b_coverage_vs_selection/reports/artifact_manifest.yaml
qwen35_4b_crossfamily_laws,standard-artifact,experiments/qwen35_4b_crossfamily_laws/reports/artifact_manifest.yaml
qwen35_4b_crosssubstrate_structure,standard-artifact,experiments/qwen35_4b_crosssubstrate_structure/reports/artifact_manifest.yaml
qwen35_4b_decompose_compose_frontier,standard-artifact,experiments/qwen35_4b_decompose_compose_frontier/reports/artifact_manifest.yaml
qwen35_4b_deep_advantage_mopd,standard-artifact,experiments/qwen35_4b_deep_advantage_mopd/reports/artifact_manifest.yaml
qwen35_4b_deployable_information_ceiling_sweep,large-artifact,experiments/qwen35_4b_deployable_information_ceiling_sweep/large_artifacts_manifest.md
qwen35_4b_depth3_dose_response,standard-artifact,experiments/qwen35_4b_depth3_dose_response/reports/artifact_manifest.yaml
qwen35_4b_depth_scaling_controls,standard-artifact,experiments/qwen35_4b_depth_scaling_controls/reports/artifact_manifest.yaml
qwen35_4b_depth_wall_anatomy,standard-artifact,experiments/qwen35_4b_depth_wall_anatomy/reports/artifact_manifest.yaml
qwen35_4b_diversity_keyed_coverage_gate,run-data,experiments/qwen35_4b_diversity_keyed_coverage_gate/data/main_base_k4_records.manifest.json
qwen35_4b_diversity_keyed_coverage_gate,run-data,experiments/qwen35_4b_diversity_keyed_coverage_gate/data/main_default_extra_k32_records.manifest.json
qwen35_4b_diversity_keyed_coverage_gate,run-data,experiments/qwen35_4b_diversity_keyed_coverage_gate/data/main_diverse_extra_k32_records.manifest.json
qwen35_4b_diversity_keyed_coverage_gate,run-data,experiments/qwen35_4b_diversity_keyed_coverage_gate/data/main_hot_extra_k32_records.manifest.json
qwen35_4b_diversity_keyed_coverage_gate,run-data,experiments/qwen35_4b_diversity_keyed_coverage_gate/data/main_union_hot_extra_k128_records.manifest.json
qwen35_4b_diversity_keyed_coverage_gate,run-data,experiments/qwen35_4b_diversity_keyed_coverage_gate/data/main_union_k32_records.manifest.json
qwen35_4b_diversity_keyed_coverage_gate,run-data,experiments/qwen35_4b_diversity_keyed_coverage_gate/data/main_union_k32_repair_records.manifest.json
qwen35_4b_diversity_keyed_coverage_gate,run-data,experiments/qwen35_4b_diversity_keyed_coverage_gate/data/smoke_base_k4_records.manifest.json
qwen35_4b_diversity_keyed_coverage_gate,run-data,experiments/qwen35_4b_diversity_keyed_coverage_gate/data/smoke_hot_extra_records.manifest.json
qwen35_4b_dose_diversity_mechanism_cell,other,experiments/qwen35_4b_dose_diversity_mechanism_cell/data/corpus_manifest.json
qwen35_4b_dose_diversity_mechanism_cell,other,experiments/qwen35_4b_dose_diversity_mechanism_cell/data/stream_manifest.json
qwen35_4b_dose_diversity_mechanism_cell,standard-artifact,experiments/qwen35_4b_dose_diversity_mechanism_cell/reports/artifact_manifest.yaml
qwen35_4b_early_text_hypothesis_forking,standard-artifact,experiments/qwen35_4b_early_text_hypothesis_forking/reports/artifact_manifest.yaml
qwen35_4b_enumerative_repair_protocol,other,experiments/qwen35_4b_enumerative_repair_protocol/data/corpus_manifest.json
qwen35_4b_enumerative_repair_protocol,other,experiments/qwen35_4b_enumerative_repair_protocol/data/lineage/lineage_manifest.json
qwen35_4b_enumerative_repair_protocol,other,experiments/qwen35_4b_enumerative_repair_protocol/data/stream_manifest.json
qwen35_4b_enumerative_repair_protocol,standard-artifact,experiments/qwen35_4b_enumerative_repair_protocol/reports/artifact_manifest.yaml
qwen35_4b_error_localization,standard-artifact,experiments/qwen35_4b_error_localization/reports/artifact_manifest.yaml
qwen35_4b_executable_program_posttraining,dataset,experiments/qwen35_4b_executable_program_posttraining/data/and_bridge/dataset_manifest.json
qwen35_4b_executable_program_posttraining,dataset,experiments/qwen35_4b_executable_program_posttraining/data/dataset_manifest.json
qwen35_4b_executable_program_posttraining,large-artifact,experiments/qwen35_4b_executable_program_posttraining/large_artifacts_manifest.md
qwen35_4b_feedback_loop_state_chain_install,other,experiments/qwen35_4b_feedback_loop_state_chain_install/data/corpus_manifest.json
qwen35_4b_feedback_loop_state_chain_install,other,experiments/qwen35_4b_feedback_loop_state_chain_install/data/stream_manifest.json
qwen35_4b_feedback_loop_state_chain_install,standard-artifact,experiments/qwen35_4b_feedback_loop_state_chain_install/reports/artifact_manifest.yaml
qwen35_4b_foofah_direct_vs_abi,large-artifact,experiments/qwen35_4b_foofah_direct_vs_abi/large_artifacts_manifest.md
qwen35_4b_foofah_ephemeral_program_induction,large-artifact,experiments/qwen35_4b_foofah_ephemeral_program_induction/large_artifacts_manifest.md
qwen35_4b_foofah_external_transform_gate,large-artifact,experiments/qwen35_4b_foofah_external_transform_gate/large_artifacts_manifest.md
qwen35_4b_foofah_program_ensemble_consensus,large-artifact,experiments/qwen35_4b_foofah_program_ensemble_consensus/large_artifacts_manifest.md
qwen35_4b_foofah_program_repair_agent,large-artifact,experiments/qwen35_4b_foofah_program_repair_agent/large_artifacts_manifest.md
qwen35_4b_foofah_selective_program_fallback,large-artifact,experiments/qwen35_4b_foofah_selective_program_fallback/large_artifacts_manifest.md
qwen35_4b_forced_commit_jacobian_value_transport,standard-artifact,experiments/qwen35_4b_forced_commit_jacobian_value_transport/reports/artifact_manifest.yaml
qwen35_4b_gauntlet_breadth_round1,standard-artifact,experiments/qwen35_4b_gauntlet_breadth_round1/reports/artifact_manifest.yaml
qwen35_4b_gauntlet_frontier,standard-artifact,experiments/qwen35_4b_gauntlet_frontier/reports/artifact_manifest.yaml
qwen35_4b_generator_verifier_gap,standard-artifact,experiments/qwen35_4b_generator_verifier_gap/reports/artifact_manifest.yaml
qwen35_4b_goal_gap_axis_curriculum_target_match,other,experiments/qwen35_4b_goal_gap_axis_curriculum_target_match/data/corpus_manifest.json
qwen35_4b_goal_gap_axis_curriculum_target_match,other,experiments/qwen35_4b_goal_gap_axis_curriculum_target_match/data/stream_manifest.json
qwen35_4b_goal_gap_axis_curriculum_target_match,standard-artifact,experiments/qwen35_4b_goal_gap_axis_curriculum_target_match/reports/artifact_manifest.yaml
qwen35_4b_goal_gate_confirmation,other,experiments/qwen35_4b_goal_gate_confirmation/data/lineage/lineage_manifest.json
qwen35_4b_goal_gate_confirmation,standard-artifact,experiments/qwen35_4b_goal_gate_confirmation/reports/artifact_manifest.yaml
qwen35_4b_graphir_self_repair,dataset,experiments/qwen35_4b_graphir_self_repair/data/dataset_manifest.json
qwen35_4b_graphir_self_repair,large-artifact,experiments/qwen35_4b_graphir_self_repair/large_artifacts_manifest.md
qwen35_4b_humaneval_adaptive_budget,dataset,experiments/qwen35_4b_humaneval_adaptive_budget/data/dataset_manifest.json
qwen35_4b_humaneval_code_confidence,standard-artifact,experiments/qwen35_4b_humaneval_code_confidence/reports/artifact_manifest.yaml
qwen35_4b_hygiene_explore_destack_medium,other,experiments/qwen35_4b_hygiene_explore_destack_medium/data/corpus_manifest.json
qwen35_4b_hygiene_explore_destack_medium,other,experiments/qwen35_4b_hygiene_explore_destack_medium/data/stream_manifest.json
qwen35_4b_hygiene_explore_destack_medium,standard-artifact,experiments/qwen35_4b_hygiene_explore_destack_medium/reports/artifact_manifest.yaml
qwen35_4b_hypothesize_verify_wall,standard-artifact,experiments/qwen35_4b_hypothesize_verify_wall/reports/artifact_manifest.yaml
qwen35_4b_icl_retrieval_vs_induction,standard-artifact,experiments/qwen35_4b_icl_retrieval_vs_induction/reports/artifact_manifest.yaml
qwen35_4b_independent_code_abi_coverage_gate,large-artifact,experiments/qwen35_4b_independent_code_abi_coverage_gate/large_artifacts_manifest.md
qwen35_4b_independent_retrieval_consensus,run-data,experiments/qwen35_4b_independent_retrieval_consensus/data/consensus_selector_records.manifest.json
qwen35_4b_independent_retrieval_consensus,run-data,experiments/qwen35_4b_independent_retrieval_consensus/data/direct_sample_more_k12_records.manifest.json
qwen35_4b_independent_retrieval_consensus,run-data,experiments/qwen35_4b_independent_retrieval_consensus/data/retrieval_adapt_independent_top6_records.manifest.json
qwen35_4b_independent_retrieval_consensus,run-data,experiments/qwen35_4b_independent_retrieval_consensus/data/retrieval_adapt_same_neighborhood_top6_records.manifest.json
qwen35_4b_independent_retrieval_consensus,large-artifact,experiments/qwen35_4b_independent_retrieval_consensus/large_artifacts_manifest.md
qwen35_4b_interactive_policy_curriculum,standard-artifact,experiments/qwen35_4b_interactive_policy_curriculum/reports/artifact_manifest.yaml
qwen35_4b_interleaved_replay_dose_medium,other,experiments/qwen35_4b_interleaved_replay_dose_medium/data/corpus_manifest.json
qwen35_4b_interleaved_replay_dose_medium,other,experiments/qwen35_4b_interleaved_replay_dose_medium/data/stream_manifest.json
qwen35_4b_interleaved_replay_dose_medium,standard-artifact,experiments/qwen35_4b_interleaved_replay_dose_medium/reports/artifact_manifest.yaml
qwen35_4b_inventory_shortlister_training,dataset,experiments/qwen35_4b_inventory_shortlister_training/data/dataset_manifest.json
qwen35_4b_inventory_shortlister_training,large-artifact,experiments/qwen35_4b_inventory_shortlister_training/large_artifacts_manifest.md
qwen35_4b_jacobian_counterfactual_branching,standard-artifact,experiments/qwen35_4b_jacobian_counterfactual_branching/reports/artifact_manifest.yaml
qwen35_4b_jacobian_transport_control_replication,standard-artifact,experiments/qwen35_4b_jacobian_transport_control_replication/reports/artifact_manifest.yaml
qwen35_4b_jacobian_value_transport,standard-artifact,experiments/qwen35_4b_jacobian_value_transport/reports/artifact_manifest.yaml
qwen35_4b_joint_shortlister_ladder,dataset,experiments/qwen35_4b_joint_shortlister_ladder/data/dataset_manifest.json
qwen35_4b_joint_shortlister_ladder,large-artifact,experiments/qwen35_4b_joint_shortlister_ladder/large_artifacts_manifest.md
qwen35_4b_language_proposal_wall,standard-artifact,experiments/qwen35_4b_language_proposal_wall/reports/artifact_manifest.yaml
qwen35_4b_language_reasoning_wall,standard-artifact,experiments/qwen35_4b_language_reasoning_wall/reports/artifact_manifest.yaml
qwen35_4b_latent_composition_probe,standard-artifact,experiments/qwen35_4b_latent_composition_probe/reports/artifact_manifest.yaml
qwen35_4b_latent_decomposition,standard-artifact,experiments/qwen35_4b_latent_decomposition/reports/artifact_manifest.yaml
qwen35_4b_learn_from_failures,standard-artifact,experiments/qwen35_4b_learn_from_failures/reports/artifact_manifest.yaml
qwen35_4b_learned_active_trace_policy,dataset,experiments/qwen35_4b_learned_active_trace_policy/data/dataset_manifest.json
qwen35_4b_learned_active_trace_policy,other,experiments/qwen35_4b_learned_active_trace_policy/data/policy/policy_dataset_manifest.json
qwen35_4b_learned_active_trace_policy,other,experiments/qwen35_4b_learned_active_trace_policy/data/policy_smoke/policy_dataset_manifest.json
qwen35_4b_learned_active_trace_policy,large-artifact,experiments/qwen35_4b_learned_active_trace_policy/large_artifacts_manifest.md
qwen35_4b_live_tool_dagger,large-artifact,experiments/qwen35_4b_live_tool_dagger/large_artifacts_manifest.md
qwen35_4b_live_tool_dagger,other,experiments/qwen35_4b_live_tool_dagger/reports/split_manifest.json
qwen35_4b_long_horizon_answer_potential_sft,standard-artifact,experiments/qwen35_4b_long_horizon_answer_potential_sft/reports/artifact_manifest.yaml
qwen35_4b_materialized_residual_answer_seam_factorial,standard-artifact,experiments/qwen35_4b_materialized_residual_answer_seam_factorial/reports/artifact_manifest.yaml
qwen35_4b_materialized_residual_sibling_search,standard-artifact,experiments/qwen35_4b_materialized_residual_sibling_search/reports/artifact_manifest.yaml
qwen35_4b_materialized_residual_sibling_search_fresh_replication,standard-artifact,experiments/qwen35_4b_materialized_residual_sibling_search_fresh_replication/reports/artifact_manifest.yaml
qwen35_4b_medium_budget_probe_measurement,standard-artifact,experiments/qwen35_4b_medium_budget_probe_measurement/reports/artifact_manifest.yaml
qwen35_4b_medium_intermediate_budget_probe,standard-artifact,experiments/qwen35_4b_medium_intermediate_budget_probe/reports/artifact_manifest.yaml
qwen35_4b_menders_dose_scale,other,experiments/qwen35_4b_menders_dose_scale/data/corpus_manifest.json
qwen35_4b_menders_dose_scale,other,experiments/qwen35_4b_menders_dose_scale/data/lineage/lineage_manifest.json
qwen35_4b_menders_dose_scale,other,experiments/qwen35_4b_menders_dose_scale/data/stream_manifest.json
qwen35_4b_menders_dose_scale,standard-artifact,experiments/qwen35_4b_menders_dose_scale/reports/artifact_manifest.yaml
qwen35_4b_menders_sirens_tier_forensics,standard-artifact,experiments/qwen35_4b_menders_sirens_tier_forensics/reports/artifact_manifest.yaml
qwen35_4b_meta_induction,standard-artifact,experiments/qwen35_4b_meta_induction/reports/artifact_manifest.yaml
qwen35_4b_metacognitive_boundary,standard-artifact,experiments/qwen35_4b_metacognitive_boundary/reports/artifact_manifest.yaml
qwen35_4b_model_in_loop_counterexamples,dataset,experiments/qwen35_4b_model_in_loop_counterexamples/data/dataset_manifest.json
qwen35_4b_model_in_loop_counterexamples,dataset,experiments/qwen35_4b_model_in_loop_counterexamples/data/model_loop/dataset_manifest.json
qwen35_4b_model_in_loop_counterexamples,large-artifact,experiments/qwen35_4b_model_in_loop_counterexamples/large_artifacts_manifest.md
qwen35_4b_native_thought_jacobian_value_transport,standard-artifact,experiments/qwen35_4b_native_thought_jacobian_value_transport/reports/artifact_manifest.yaml
qwen35_4b_native_thought_seam_budget_ladder,standard-artifact,experiments/qwen35_4b_native_thought_seam_budget_ladder/reports/artifact_manifest.yaml
qwen35_4b_neurosymbolic_repl_substrate,standard-artifact,experiments/qwen35_4b_neurosymbolic_repl_substrate/reports/artifact_manifest.yaml
qwen35_4b_offline_hard_negative_coverage_dpo,run-data,experiments/qwen35_4b_offline_hard_negative_coverage_dpo/data/eval_base_hot_k4_records.manifest.json
qwen35_4b_offline_hard_negative_coverage_dpo,run-data,experiments/qwen35_4b_offline_hard_negative_coverage_dpo/data/eval_base_hot_k8_records.manifest.json
qwen35_4b_offline_hard_negative_coverage_dpo,run-data,experiments/qwen35_4b_offline_hard_negative_coverage_dpo/data/eval_conservative_dpo_k4_records.manifest.json
qwen35_4b_offline_hard_negative_coverage_dpo,run-data,experiments/qwen35_4b_offline_hard_negative_coverage_dpo/data/eval_conservative_shuffled_dpo_k4_records.manifest.json
qwen35_4b_offline_hard_negative_coverage_dpo,run-data,experiments/qwen35_4b_offline_hard_negative_coverage_dpo/data/eval_hard_negative_dpo_k4_records.manifest.json
qwen35_4b_offline_hard_negative_coverage_dpo,run-data,experiments/qwen35_4b_offline_hard_negative_coverage_dpo/data/eval_positive_sft_k4_records.manifest.json
qwen35_4b_offline_hard_negative_coverage_dpo,run-data,experiments/qwen35_4b_offline_hard_negative_coverage_dpo/data/eval_shuffled_dpo_k4_records.manifest.json
qwen35_4b_offline_hard_negative_coverage_dpo,run-data,experiments/qwen35_4b_offline_hard_negative_coverage_dpo/data/pilot_train_k12_offset12_records.manifest.json
qwen35_4b_offline_hard_negative_coverage_dpo,run-data,experiments/qwen35_4b_offline_hard_negative_coverage_dpo/data/pilot_train_k8_records.manifest.json
qwen35_4b_offline_hard_negative_coverage_dpo,run-data,experiments/qwen35_4b_offline_hard_negative_coverage_dpo/data/smoke_train_k2_records.manifest.json
qwen35_4b_offline_hard_negative_coverage_dpo,large-artifact,experiments/qwen35_4b_offline_hard_negative_coverage_dpo/large_artifacts_manifest.md
qwen35_4b_operator_inventory_scaling_stress,dataset,experiments/qwen35_4b_operator_inventory_scaling_stress/data/dataset_manifest.json
qwen35_4b_operator_inventory_scaling_stress,large-artifact,experiments/qwen35_4b_operator_inventory_scaling_stress/large_artifacts_manifest.md
qwen35_4b_operator_inventory_search_pilot,dataset,experiments/qwen35_4b_operator_inventory_search_pilot/data/dataset_manifest.json
qwen35_4b_operator_inventory_search_pilot,large-artifact,experiments/qwen35_4b_operator_inventory_search_pilot/large_artifacts_manifest.md
qwen35_4b_opsd_pressure_locality_audit,large-artifact,experiments/qwen35_4b_opsd_pressure_locality_audit/large_artifacts_manifest.md
qwen35_4b_oracle_distilled_semantic_verifier,dataset,experiments/qwen35_4b_oracle_distilled_semantic_verifier/data/dataset_manifest.json
qwen35_4b_oracle_probe_synthesis_mdp,dataset,experiments/qwen35_4b_oracle_probe_synthesis_mdp/data/dataset_manifest.json
qwen35_4b_oracle_probe_synthesis_mdp,large-artifact,experiments/qwen35_4b_oracle_probe_synthesis_mdp/large_artifacts_manifest.md
qwen35_4b_oracle_process_grpo,dataset,experiments/qwen35_4b_oracle_process_grpo/data/dataset_manifest.json
qwen35_4b_oracle_process_grpo,large-artifact,experiments/qwen35_4b_oracle_process_grpo/large_artifacts_manifest.md
qwen35_4b_overthinking_content_ladder,standard-artifact,experiments/qwen35_4b_overthinking_content_ladder/reports/artifact_manifest.yaml
qwen35_4b_pareto_policy_integration,standard-artifact,experiments/qwen35_4b_pareto_policy_integration/reports/artifact_manifest.yaml
qwen35_4b_partial_structure_search,standard-artifact,experiments/qwen35_4b_partial_structure_search/reports/artifact_manifest.yaml
qwen35_4b_probe_the_parameter,standard-artifact,experiments/qwen35_4b_probe_the_parameter/reports/artifact_manifest.yaml
qwen35_4b_probe_to_prompt,standard-artifact,experiments/qwen35_4b_probe_to_prompt/reports/artifact_manifest.yaml
qwen35_4b_rank_capacity_vehicle_cell,other,experiments/qwen35_4b_rank_capacity_vehicle_cell/data/corpus_manifest.json
qwen35_4b_rank_capacity_vehicle_cell,other,experiments/qwen35_4b_rank_capacity_vehicle_cell/data/stream_manifest.json
qwen35_4b_rank_capacity_vehicle_cell,standard-artifact,experiments/qwen35_4b_rank_capacity_vehicle_cell/reports/artifact_manifest.yaml
qwen35_4b_real_sample_verify_commit,dataset,experiments/qwen35_4b_real_sample_verify_commit/data/dataset_manifest.json
qwen35_4b_recovery_payload_budget_harness,standard-artifact,experiments/qwen35_4b_recovery_payload_budget_harness/reports/artifact_manifest.yaml
qwen35_4b_recovery_reason_locality_interpolation,standard-artifact,experiments/qwen35_4b_recovery_reason_locality_interpolation/reports/artifact_manifest.yaml
qwen35_4b_recovery_verifier_branch_tournament,standard-artifact,experiments/qwen35_4b_recovery_verifier_branch_tournament/reports/artifact_manifest.yaml
qwen35_4b_reliability_exec_opsd_audit,run-data,experiments/qwen35_4b_reliability_exec_opsd_audit/data/retrieval_adapt_semantic_t0p0_top3_records.manifest.json
qwen35_4b_reliability_exec_opsd_audit,run-data,experiments/qwen35_4b_reliability_exec_opsd_audit/data/retrieval_adapt_semantic_t0p1_top3_records.manifest.json
qwen35_4b_reliability_exec_opsd_audit,large-artifact,experiments/qwen35_4b_reliability_exec_opsd_audit/large_artifacts_manifest.md
qwen35_4b_repair_verifier_signal_probe,other,experiments/qwen35_4b_repair_verifier_signal_probe/data/lineage/lineage_manifest.json
qwen35_4b_repair_verifier_signal_probe,standard-artifact,experiments/qwen35_4b_repair_verifier_signal_probe/reports/artifact_manifest.yaml
qwen35_4b_repo_search_compress_bank,standard-artifact,experiments/qwen35_4b_repo_search_compress_bank/reports/artifact_manifest.yaml
qwen35_4b_retention_screen_calibration,standard-artifact,experiments/qwen35_4b_retention_screen_calibration/reports/artifact_manifest.yaml
qwen35_4b_retrieval_adapt_verify_scale,run-data,experiments/qwen35_4b_retrieval_adapt_verify_scale/data/base_direct_k4_records.manifest.json
qwen35_4b_retrieval_adapt_verify_scale,run-data,experiments/qwen35_4b_retrieval_adapt_verify_scale/data/qwen_rerank_copy_semantic_records.manifest.json
qwen35_4b_retrieval_adapt_verify_scale,run-data,experiments/qwen35_4b_retrieval_adapt_verify_scale/data/retrieval_adapt_random_top3_records.manifest.json
qwen35_4b_retrieval_adapt_verify_scale,run-data,experiments/qwen35_4b_retrieval_adapt_verify_scale/data/retrieval_adapt_semantic_top3_records.manifest.json
qwen35_4b_retrieval_adapt_verify_scale,run-data,experiments/qwen35_4b_retrieval_adapt_verify_scale/data/retrieval_adapt_shuffled_top3_records.manifest.json
qwen35_4b_retrieval_adapt_verify_scale,run-data,experiments/qwen35_4b_retrieval_adapt_verify_scale/data/retrieval_copy_rename_top3_records.manifest.json
qwen35_4b_retrieval_adapt_verify_scale,run-data,experiments/qwen35_4b_retrieval_adapt_verify_scale/data/selector_copy_semantic_records.manifest.json
qwen35_4b_retrieval_adapt_verify_scale,run-data,experiments/qwen35_4b_retrieval_adapt_verify_scale/data/selector_random_records.manifest.json
qwen35_4b_retrieval_adapt_verify_scale,run-data,experiments/qwen35_4b_retrieval_adapt_verify_scale/data/selector_semantic_records.manifest.json
qwen35_4b_retrieval_adapt_verify_scale,run-data,experiments/qwen35_4b_retrieval_adapt_verify_scale/data/selector_shuffled_records.manifest.json
qwen35_4b_retrieval_adapt_verify_scale,large-artifact,experiments/qwen35_4b_retrieval_adapt_verify_scale/large_artifacts_manifest.md
qwen35_4b_same_prefix_advantage_routing,standard-artifact,experiments/qwen35_4b_same_prefix_advantage_routing/reports/artifact_manifest.yaml
qwen35_4b_sampler_portfolio_scheduler,run-data,experiments/qwen35_4b_sampler_portfolio_scheduler/data/eval_policy_union_records.manifest.json
qwen35_4b_sampler_portfolio_scheduler,run-data,experiments/qwen35_4b_sampler_portfolio_scheduler/data/subset_base_hot_k4_records.manifest.json
qwen35_4b_sampler_portfolio_scheduler,run-data,experiments/qwen35_4b_sampler_portfolio_scheduler/data/subset_base_hot_k8_records.manifest.json
qwen35_4b_sampler_portfolio_scheduler,run-data,experiments/qwen35_4b_sampler_portfolio_scheduler/data/subset_constrained_dpo_k4_records.manifest.json
qwen35_4b_sampler_portfolio_scheduler,run-data,experiments/qwen35_4b_sampler_portfolio_scheduler/data/train_policy_pool_records.manifest.json
qwen35_4b_sampler_portfolio_scheduler,large-artifact,experiments/qwen35_4b_sampler_portfolio_scheduler/large_artifacts_manifest.md
qwen35_4b_semantic_anchor_coordinate_branching,standard-artifact,experiments/qwen35_4b_semantic_anchor_coordinate_branching/reports/artifact_manifest.yaml
qwen35_4b_semantic_policy_headroom_tournament,standard-artifact,experiments/qwen35_4b_semantic_policy_headroom_tournament/reports/artifact_manifest.yaml
qwen35_4b_simulation_keystone_repair,standard-artifact,experiments/qwen35_4b_simulation_keystone_repair/reports/artifact_manifest.yaml
qwen35_4b_sketch_coverage_shift_probe,dataset,experiments/qwen35_4b_sketch_coverage_shift_probe/data/dataset_manifest.json
qwen35_4b_sketch_coverage_shift_probe,large-artifact,experiments/qwen35_4b_sketch_coverage_shift_probe/large_artifacts_manifest.md
qwen35_4b_specialist_policy_integration,standard-artifact,experiments/qwen35_4b_specialist_policy_integration/reports/artifact_manifest.yaml
qwen35_4b_state_carry_vs_state_bag,standard-artifact,experiments/qwen35_4b_state_carry_vs_state_bag/reports/artifact_manifest.yaml
qwen35_4b_state_carry_vs_state_bag_fullrank_delta,standard-artifact,experiments/qwen35_4b_state_carry_vs_state_bag_fullrank_delta/reports/artifact_manifest.yaml
qwen35_4b_state_formation_analysis_recovery,standard-artifact,experiments/qwen35_4b_state_formation_analysis_recovery/reports/artifact_manifest.yaml
qwen35_4b_state_formation_branch_handoff_recovery,standard-artifact,experiments/qwen35_4b_state_formation_branch_handoff_recovery/reports/artifact_manifest.yaml
qwen35_4b_state_formation_branch_recovery,standard-artifact,experiments/qwen35_4b_state_formation_branch_recovery/reports/artifact_manifest.yaml
qwen35_4b_state_formation_capacity_adjudication,standard-artifact,experiments/qwen35_4b_state_formation_capacity_adjudication/reports/artifact_manifest.yaml
qwen35_4b_state_track_install,other,experiments/qwen35_4b_state_track_install/data/lineage/lineage_manifest.json
qwen35_4b_state_track_install,standard-artifact,experiments/qwen35_4b_state_track_install/reports/artifact_manifest.yaml
qwen35_4b_statechain_only_dose,other,experiments/qwen35_4b_statechain_only_dose/data/corpus_manifest.json
qwen35_4b_statechain_only_dose,other,experiments/qwen35_4b_statechain_only_dose/data/stream_manifest.json
qwen35_4b_statechain_only_dose,standard-artifact,experiments/qwen35_4b_statechain_only_dose/reports/artifact_manifest.yaml
qwen35_4b_static_bridge_ceiling_breaker,dataset,experiments/qwen35_4b_static_bridge_ceiling_breaker/data/dataset_manifest.json
qwen35_4b_static_bridge_ceiling_breaker,large-artifact,experiments/qwen35_4b_static_bridge_ceiling_breaker/large_artifacts_manifest.md
qwen35_4b_strategy_token_diversity_lora,run-data,experiments/qwen35_4b_strategy_token_diversity_lora/data/main_base_k4_records.manifest.json
qwen35_4b_strategy_token_diversity_lora,run-data,experiments/qwen35_4b_strategy_token_diversity_lora/data/main_base_missed_records.manifest.json
qwen35_4b_strategy_token_diversity_lora,run-data,experiments/qwen35_4b_strategy_token_diversity_lora/data/main_base_plus_semantic_strategy_k32_records.manifest.json
qwen35_4b_strategy_token_diversity_lora,run-data,experiments/qwen35_4b_strategy_token_diversity_lora/data/main_base_plus_shuffled_strategy_k32_records.manifest.json
qwen35_4b_strategy_token_diversity_lora,run-data,experiments/qwen35_4b_strategy_token_diversity_lora/data/main_default_extra_k32_records.manifest.json
qwen35_4b_strategy_token_diversity_lora,run-data,experiments/qwen35_4b_strategy_token_diversity_lora/data/main_diverse_extra_k32_records.manifest.json
qwen35_4b_strategy_token_diversity_lora,run-data,experiments/qwen35_4b_strategy_token_diversity_lora/data/main_hot_extra_k32_records.manifest.json
qwen35_4b_strategy_token_diversity_lora,run-data,experiments/qwen35_4b_strategy_token_diversity_lora/data/main_strategy_semantic_k32_base_missed_records.manifest.json
qwen35_4b_strategy_token_diversity_lora,run-data,experiments/qwen35_4b_strategy_token_diversity_lora/data/main_strategy_semantic_k32_records.manifest.json
qwen35_4b_strategy_token_diversity_lora,run-data,experiments/qwen35_4b_strategy_token_diversity_lora/data/main_strategy_semantic_sft.manifest.json
qwen35_4b_strategy_token_diversity_lora,run-data,experiments/qwen35_4b_strategy_token_diversity_lora/data/main_strategy_shuffled_k32_base_missed_records.manifest.json
qwen35_4b_strategy_token_diversity_lora,run-data,experiments/qwen35_4b_strategy_token_diversity_lora/data/main_strategy_shuffled_sft.manifest.json
qwen35_4b_strategy_token_diversity_lora,run-data,experiments/qwen35_4b_strategy_token_diversity_lora/data/main_train_k16_records.manifest.json
qwen35_4b_strategy_token_diversity_lora,run-data,experiments/qwen35_4b_strategy_token_diversity_lora/data/main_union_hot_extra_k128_records.manifest.json
qwen35_4b_strategy_token_diversity_lora,run-data,experiments/qwen35_4b_strategy_token_diversity_lora/data/main_union_k32_records.manifest.json
qwen35_4b_strategy_token_diversity_lora,run-data,experiments/qwen35_4b_strategy_token_diversity_lora/data/main_union_k32_repair_records.manifest.json
qwen35_4b_strategy_token_diversity_lora,run-data,experiments/qwen35_4b_strategy_token_diversity_lora/data/smoke_strategy_semantic_sft.manifest.json
qwen35_4b_strategy_token_diversity_lora,run-data,experiments/qwen35_4b_strategy_token_diversity_lora/data/smoke_strategy_shuffled_sft.manifest.json
qwen35_4b_strategy_token_diversity_lora,run-data,experiments/qwen35_4b_strategy_token_diversity_lora/data/smoke_train_k8_records.manifest.json
qwen35_4b_structure_or_values,standard-artifact,experiments/qwen35_4b_structure_or_values/reports/artifact_manifest.yaml
qwen35_4b_structure_search_scaling,standard-artifact,experiments/qwen35_4b_structure_search_scaling/reports/artifact_manifest.yaml
qwen35_4b_substrate_coverage_ladder,dataset,experiments/qwen35_4b_substrate_coverage_ladder/data/dataset_manifest.json
qwen35_4b_sweep_rate_consolidation,standard-artifact,experiments/qwen35_4b_sweep_rate_consolidation/reports/artifact_manifest.yaml
qwen35_4b_think_ftpo_round1,standard-artifact,experiments/qwen35_4b_think_ftpo_round1/reports/artifact_manifest.yaml
qwen35_4b_think_ftpo_round2,standard-artifact,experiments/qwen35_4b_think_ftpo_round2/reports/artifact_manifest.yaml
qwen35_4b_thinking_budget_controller,standard-artifact,experiments/qwen35_4b_thinking_budget_controller/reports/artifact_manifest.yaml
qwen35_4b_thinking_budget_scaling,standard-artifact,experiments/qwen35_4b_thinking_budget_scaling/reports/artifact_manifest.yaml
qwen35_4b_thinking_content_vs_compute,standard-artifact,experiments/qwen35_4b_thinking_content_vs_compute/reports/artifact_manifest.yaml
qwen35_4b_thinking_lookahead,standard-artifact,experiments/qwen35_4b_thinking_lookahead/reports/artifact_manifest.yaml
qwen35_4b_thinking_separability_probe,standard-artifact,experiments/qwen35_4b_thinking_separability_probe/reports/artifact_manifest.yaml
qwen35_4b_tokenizer_eos_answer_commit_factorial,standard-artifact,experiments/qwen35_4b_tokenizer_eos_answer_commit_factorial/reports/artifact_manifest.yaml
qwen35_4b_tokenizer_eos_residual_mechanics_fresh_replay,standard-artifact,experiments/qwen35_4b_tokenizer_eos_residual_mechanics_fresh_replay/reports/artifact_manifest.yaml
qwen35_4b_tokenizer_eos_residual_mechanics_fresh_replay,other,experiments/qwen35_4b_tokenizer_eos_residual_mechanics_fresh_replay/runs/parent_lineage/collision_manifest.json
qwen35_4b_tool_seeded_banking,standard-artifact,experiments/qwen35_4b_tool_seeded_banking/reports/artifact_manifest.yaml
qwen35_4b_trained_vs_frozen_repair_mdp,run-data,experiments/qwen35_4b_trained_vs_frozen_repair_mdp/data/base_direct_heldout_records.manifest.json
qwen35_4b_trained_vs_frozen_repair_mdp,run-data,experiments/qwen35_4b_trained_vs_frozen_repair_mdp/data/base_direct_train_records.manifest.json
qwen35_4b_trained_vs_frozen_repair_mdp,run-data,experiments/qwen35_4b_trained_vs_frozen_repair_mdp/data/frozen_repair_heldout_records.manifest.json
qwen35_4b_trained_vs_frozen_repair_mdp,run-data,experiments/qwen35_4b_trained_vs_frozen_repair_mdp/data/frozen_repair_train_mined_records.manifest.json
qwen35_4b_trained_vs_frozen_repair_mdp,run-data,experiments/qwen35_4b_trained_vs_frozen_repair_mdp/data/frozen_repair_train_records.manifest.json
qwen35_4b_trained_vs_frozen_repair_mdp,run-data,experiments/qwen35_4b_trained_vs_frozen_repair_mdp/data/repair_dpo.manifest.json
qwen35_4b_trained_vs_frozen_repair_mdp,run-data,experiments/qwen35_4b_trained_vs_frozen_repair_mdp/data/repair_mined_dpo.manifest.json
qwen35_4b_trained_vs_frozen_repair_mdp,run-data,experiments/qwen35_4b_trained_vs_frozen_repair_mdp/data/repair_mined_sft.manifest.json
qwen35_4b_trained_vs_frozen_repair_mdp,run-data,experiments/qwen35_4b_trained_vs_frozen_repair_mdp/data/repair_sft.manifest.json
qwen35_4b_trained_vs_frozen_repair_mdp,run-data,experiments/qwen35_4b_trained_vs_frozen_repair_mdp/data/repair_sft_heldout_records.manifest.json
qwen35_4b_trained_vs_frozen_repair_mdp,run-data,experiments/qwen35_4b_trained_vs_frozen_repair_mdp/data/sample_more_token_matched_heldout_records.manifest.json
qwen35_4b_trained_vs_frozen_repair_mdp,run-data,experiments/qwen35_4b_trained_vs_frozen_repair_mdp/data/smoke_base_direct_train_records.manifest.json
qwen35_4b_trained_vs_frozen_repair_mdp,run-data,experiments/qwen35_4b_trained_vs_frozen_repair_mdp/data/smoke_frozen_repair_train_records.manifest.json
qwen35_4b_trained_vs_frozen_repair_mdp,run-data,experiments/qwen35_4b_trained_vs_frozen_repair_mdp/data/smoke_repair_dpo.manifest.json
qwen35_4b_trained_vs_frozen_repair_mdp,run-data,experiments/qwen35_4b_trained_vs_frozen_repair_mdp/data/smoke_repair_sft.manifest.json
qwen35_4b_transaction_invariant_recovery_curriculum,standard-artifact,experiments/qwen35_4b_transaction_invariant_recovery_curriculum/reports/artifact_manifest.yaml
qwen35_4b_transform_abi_compiler_pilot,large-artifact,experiments/qwen35_4b_transform_abi_compiler_pilot/large_artifacts_manifest.md
qwen35_4b_typed_sketch_synthesis,dataset,experiments/qwen35_4b_typed_sketch_synthesis/data/dataset_manifest.json
qwen35_4b_typed_sketch_synthesis,large-artifact,experiments/qwen35_4b_typed_sketch_synthesis/large_artifacts_manifest.md
qwen35_4b_universal_close_weight_token_match,other,experiments/qwen35_4b_universal_close_weight_token_match/data/stream_manifest.json
qwen35_4b_universal_close_weight_token_match,standard-artifact,experiments/qwen35_4b_universal_close_weight_token_match/reports/artifact_manifest.yaml
qwen35_4b_universal_curriculum,standard-artifact,experiments/qwen35_4b_universal_curriculum/reports/artifact_manifest.yaml
qwen35_4b_universal_failure_selected_restart_target_match,other,experiments/qwen35_4b_universal_failure_selected_restart_target_match/data/predecessor_stream_manifest.json
qwen35_4b_universal_failure_selected_restart_target_match,other,experiments/qwen35_4b_universal_failure_selected_restart_target_match/data/rollout_task_manifest.json
qwen35_4b_universal_failure_selected_restart_target_match,other,experiments/qwen35_4b_universal_failure_selected_restart_target_match/data/stream_manifest.json
qwen35_4b_universal_failure_selected_restart_target_match,standard-artifact,experiments/qwen35_4b_universal_failure_selected_restart_target_match/reports/artifact_manifest.yaml
qwen35_4b_universal_fresh_surface_budget_commit_target_match,other,experiments/qwen35_4b_universal_fresh_surface_budget_commit_target_match/data/corpus_manifest.json
qwen35_4b_universal_fresh_surface_budget_commit_target_match,other,experiments/qwen35_4b_universal_fresh_surface_budget_commit_target_match/data/stream_manifest.json
qwen35_4b_universal_fresh_surface_budget_commit_target_match,standard-artifact,experiments/qwen35_4b_universal_fresh_surface_budget_commit_target_match/reports/artifact_manifest.yaml
qwen35_4b_universal_low_density_token_match,other,experiments/qwen35_4b_universal_low_density_token_match/data/dose_manifest.json
qwen35_4b_universal_low_density_token_match,standard-artifact,experiments/qwen35_4b_universal_low_density_token_match/reports/artifact_manifest.yaml
qwen35_4b_universal_medium_tier_measurement,standard-artifact,experiments/qwen35_4b_universal_medium_tier_measurement/reports/artifact_manifest.yaml
qwen35_4b_universal_mid_density_token_match,other,experiments/qwen35_4b_universal_mid_density_token_match/data/dose_manifest.json
qwen35_4b_universal_mid_density_token_match,standard-artifact,experiments/qwen35_4b_universal_mid_density_token_match/reports/artifact_manifest.yaml
qwen35_4b_universal_on_policy_prefix_repair_token_match,other,experiments/qwen35_4b_universal_on_policy_prefix_repair_token_match/data/predecessor_stream_manifest.json
qwen35_4b_universal_on_policy_prefix_repair_token_match,other,experiments/qwen35_4b_universal_on_policy_prefix_repair_token_match/data/rollout_task_manifest.json
qwen35_4b_universal_on_policy_prefix_repair_token_match,other,experiments/qwen35_4b_universal_on_policy_prefix_repair_token_match/data/stream_manifest.json
qwen35_4b_universal_on_policy_prefix_repair_token_match,standard-artifact,experiments/qwen35_4b_universal_on_policy_prefix_repair_token_match/reports/artifact_manifest.yaml
qwen35_4b_universal_replay_anchor,other,experiments/qwen35_4b_universal_replay_anchor/data/dose_manifest.json
qwen35_4b_universal_replay_anchor,standard-artifact,experiments/qwen35_4b_universal_replay_anchor/reports/artifact_manifest.yaml
qwen35_4b_universal_residual_successful_sibling_target_match,other,experiments/qwen35_4b_universal_residual_successful_sibling_target_match/data/residual_collection_manifest.json
qwen35_4b_universal_residual_successful_sibling_target_match,standard-artifact,experiments/qwen35_4b_universal_residual_successful_sibling_target_match/reports/artifact_manifest.yaml
qwen35_4b_universal_search_scaffold_token_match,other,experiments/qwen35_4b_universal_search_scaffold_token_match/data/predecessor_stream_manifest.json
qwen35_4b_universal_search_scaffold_token_match,other,experiments/qwen35_4b_universal_search_scaffold_token_match/data/stream_manifest.json
qwen35_4b_universal_search_scaffold_token_match,standard-artifact,experiments/qwen35_4b_universal_search_scaffold_token_match/reports/artifact_manifest.yaml
qwen35_4b_universal_state_table_compiler_token_match,other,experiments/qwen35_4b_universal_state_table_compiler_token_match/data/predecessor_stream_manifest.json
qwen35_4b_universal_state_table_compiler_token_match,other,experiments/qwen35_4b_universal_state_table_compiler_token_match/data/stream_manifest.json
qwen35_4b_universal_state_table_compiler_token_match,standard-artifact,experiments/qwen35_4b_universal_state_table_compiler_token_match/reports/artifact_manifest.yaml
qwen35_4b_universal_successful_sibling_target_match,other,experiments/qwen35_4b_universal_successful_sibling_target_match/data/collection_task_manifest.json
qwen35_4b_universal_successful_sibling_target_match,standard-artifact,experiments/qwen35_4b_universal_successful_sibling_target_match/reports/artifact_manifest.yaml
qwen35_4b_unsaturated_frontier_active_bridge,dataset,experiments/qwen35_4b_unsaturated_frontier_active_bridge/data/adaptive/dataset_manifest.json
qwen35_4b_unsaturated_frontier_active_bridge,dataset,experiments/qwen35_4b_unsaturated_frontier_active_bridge/data/dataset_manifest.json
qwen35_4b_unsaturated_frontier_active_bridge,dataset,experiments/qwen35_4b_unsaturated_frontier_active_bridge/data/seed_mined/dataset_manifest.json
qwen35_4b_unsaturated_frontier_active_bridge,large-artifact,experiments/qwen35_4b_unsaturated_frontier_active_bridge/large_artifacts_manifest.md
qwen35_4b_validation_policy_counterexample_curriculum,standard-artifact,experiments/qwen35_4b_validation_policy_counterexample_curriculum/reports/artifact_manifest.yaml
qwen35_4b_verified_algorithm_retrieval_adaptation,run-data,experiments/qwen35_4b_verified_algorithm_retrieval_adaptation/data/base_sample_more_k8_records.manifest.json
qwen35_4b_verified_algorithm_retrieval_adaptation,run-data,experiments/qwen35_4b_verified_algorithm_retrieval_adaptation/data/retrieval_adapt_random_top3_records.manifest.json
qwen35_4b_verified_algorithm_retrieval_adaptation,run-data,experiments/qwen35_4b_verified_algorithm_retrieval_adaptation/data/retrieval_adapt_semantic_top3_records.manifest.json
qwen35_4b_verified_algorithm_retrieval_adaptation,run-data,experiments/qwen35_4b_verified_algorithm_retrieval_adaptation/data/retrieval_adapt_shuffled_top3_records.manifest.json
qwen35_4b_verified_algorithm_retrieval_adaptation,run-data,experiments/qwen35_4b_verified_algorithm_retrieval_adaptation/data/retrieval_copy_rename_top3_records.manifest.json
qwen35_4b_verified_algorithm_retrieval_adaptation,large-artifact,experiments/qwen35_4b_verified_algorithm_retrieval_adaptation/large_artifacts_manifest.md
qwen35_4b_verified_edit_closure,dataset,experiments/qwen35_4b_verified_edit_closure/data/dataset_manifest.json
qwen35_4b_verified_edit_closure,large-artifact,experiments/qwen35_4b_verified_edit_closure/large_artifacts_manifest.md
qwen35_4b_verified_macro_capacity_fit_rerun,other,experiments/qwen35_4b_verified_macro_capacity_fit_rerun/data/prompt_manifest.json
qwen35_4b_verified_macro_capacity_fit_rerun,standard-artifact,experiments/qwen35_4b_verified_macro_capacity_fit_rerun/reports/artifact_manifest.yaml
qwen35_4b_verified_macro_exact_cudagraph_rerun,other,experiments/qwen35_4b_verified_macro_exact_cudagraph_rerun/data/prompt_manifest.json
qwen35_4b_verified_macro_exact_cudagraph_rerun,standard-artifact,experiments/qwen35_4b_verified_macro_exact_cudagraph_rerun/reports/artifact_manifest.yaml
qwen35_4b_verified_macro_invention,dataset,experiments/qwen35_4b_verified_macro_invention/data/dataset_manifest.json
qwen35_4b_verified_macro_invention,dataset,experiments/qwen35_4b_verified_macro_invention/data/smoke_v1_frozen/dataset_manifest.json
qwen35_4b_verified_macro_invention,standard-artifact,experiments/qwen35_4b_verified_macro_invention/reports/artifact_manifest.yaml
qwen35_4b_verified_macro_long_context_rerun,dataset,experiments/qwen35_4b_verified_macro_long_context_rerun/data/dataset_manifest.json
qwen35_4b_verified_macro_long_context_rerun,dataset,experiments/qwen35_4b_verified_macro_long_context_rerun/data/smoke_v1_frozen/dataset_manifest.json
qwen35_4b_verified_macro_long_context_rerun,standard-artifact,experiments/qwen35_4b_verified_macro_long_context_rerun/reports/artifact_manifest.yaml
qwen35_4b_verifier_conditioned_recovery_bank,standard-artifact,experiments/qwen35_4b_verifier_conditioned_recovery_bank/reports/artifact_manifest.yaml
qwen35_4b_verifier_free_banking,standard-artifact,experiments/qwen35_4b_verifier_free_banking/reports/artifact_manifest.yaml
qwen35_4b_verifier_guided_self_improvement,run-data,experiments/qwen35_4b_verifier_guided_self_improvement/data/base_heldout_records.manifest.json
qwen35_4b_verifier_guided_self_improvement,run-data,experiments/qwen35_4b_verifier_guided_self_improvement/data/base_train_records.manifest.json
qwen35_4b_verifier_guided_self_improvement,run-data,experiments/qwen35_4b_verifier_guided_self_improvement/data/base_transfer_records.manifest.json
qwen35_4b_verifier_guided_self_improvement,run-data,experiments/qwen35_4b_verifier_guided_self_improvement/data/oracle_sft.manifest.json
qwen35_4b_verifier_guided_self_improvement,run-data,experiments/qwen35_4b_verifier_guided_self_improvement/data/oracle_sft_heldout_records.manifest.json
qwen35_4b_verifier_guided_self_improvement,run-data,experiments/qwen35_4b_verifier_guided_self_improvement/data/sample_more_matched_compute_heldout_records.manifest.json
qwen35_4b_verifier_guided_self_improvement,run-data,experiments/qwen35_4b_verifier_guided_self_improvement/data/selftrain_unverified_heldout_records.manifest.json
qwen35_4b_verifier_guided_self_improvement,run-data,experiments/qwen35_4b_verifier_guided_self_improvement/data/selftrain_unverified_sft.manifest.json
qwen35_4b_verifier_guided_self_improvement,run-data,experiments/qwen35_4b_verifier_guided_self_improvement/data/selftrain_verified_r1_heldout_records.manifest.json
qwen35_4b_verifier_guided_self_improvement,run-data,experiments/qwen35_4b_verifier_guided_self_improvement/data/selftrain_verified_r1_sft.manifest.json
qwen35_4b_verifier_guided_self_improvement,run-data,experiments/qwen35_4b_verifier_guided_self_improvement/data/selftrain_verified_r1_train_records.manifest.json
qwen35_4b_verifier_guided_self_improvement,run-data,experiments/qwen35_4b_verifier_guided_self_improvement/data/selftrain_verified_r1_transfer_records.manifest.json
qwen35_4b_verifier_guided_self_improvement,run-data,experiments/qwen35_4b_verifier_guided_self_improvement/data/smoke_base_heldout_records.manifest.json
qwen35_4b_verifier_guided_self_improvement,run-data,experiments/qwen35_4b_verifier_guided_self_improvement/data/smoke_base_train_records.manifest.json
qwen35_4b_verifier_guided_self_improvement,run-data,experiments/qwen35_4b_verifier_guided_self_improvement/data/smoke_selftrain_verified_r1_heldout_records.manifest.json
qwen35_4b_verifier_guided_self_improvement,run-data,experiments/qwen35_4b_verifier_guided_self_improvement/data/smoke_verified_sft_r1.manifest.json
qwen35_4b_verifier_selector_showdown,standard-artifact,experiments/qwen35_4b_verifier_selector_showdown/reports/artifact_manifest.yaml
qwen35_4b_wall_climbing,standard-artifact,experiments/qwen35_4b_wall_climbing/reports/artifact_manifest.yaml
qwen35_4b_zero_root_lineage_rebuild,other,experiments/qwen35_4b_zero_root_lineage_rebuild/data/lineage/lineage_manifest.json
qwen35_4b_zero_root_lineage_rebuild,standard-artifact,experiments/qwen35_4b_zero_root_lineage_rebuild/reports/artifact_manifest.yaml
qwen_action_conditioned_vm_echo_policy_iteration,checkpoint,experiments/qwen_action_conditioned_vm_echo_policy_iteration/checkpoint_manifest.csv
qwen_action_conditioned_vm_echo_policy_iteration,dataset,experiments/qwen_action_conditioned_vm_echo_policy_iteration/runs/main_action_vm_echo_s192_thr070/dataset_manifest.json
qwen_action_conditioned_vm_echo_policy_iteration,dataset,experiments/qwen_action_conditioned_vm_echo_policy_iteration/runs/pilot_action_vm_echo_s96/dataset_manifest.json
qwen_action_conditioned_vm_echo_policy_iteration,dataset,experiments/qwen_action_conditioned_vm_echo_policy_iteration/runs/pilot_action_vm_echo_s96_thr070/dataset_manifest.json
qwen_action_conditioned_vm_echo_policy_iteration,dataset,experiments/qwen_action_conditioned_vm_echo_policy_iteration/runs/pilot_action_vm_echo_s96_v2/dataset_manifest.json
qwen_action_conditioned_vm_echo_policy_iteration,dataset,experiments/qwen_action_conditioned_vm_echo_policy_iteration/runs/smoke_action_vm_echo/dataset_manifest.json
qwen_budgeted_action_value_compiler,checkpoint,experiments/qwen_budgeted_action_value_compiler/checkpoint_manifest.csv
qwen_budgeted_action_value_compiler,dataset,experiments/qwen_budgeted_action_value_compiler/runs/main_budgeted_action_value_s512/dataset_manifest.json
qwen_budgeted_action_value_compiler,dataset,experiments/qwen_budgeted_action_value_compiler/runs/pilot_budgeted_action_value_s128/dataset_manifest.json
qwen_budgeted_action_value_compiler,dataset,experiments/qwen_budgeted_action_value_compiler/runs/pilot_budgeted_action_value_s128_advantage/dataset_manifest.json
qwen_budgeted_action_value_compiler,dataset,experiments/qwen_budgeted_action_value_compiler/runs/smoke_budgeted_action_value/dataset_manifest.json
qwen_candidate_conditioned_trace_verifier,other,experiments/qwen_candidate_conditioned_trace_verifier/runs/main_candidate_conditioned_qwen_trace_verifier_v1/candidate_only_embedding_manifest.json
qwen_candidate_conditioned_trace_verifier,other,experiments/qwen_candidate_conditioned_trace_verifier/runs/main_candidate_conditioned_qwen_trace_verifier_v1/checkpoint_manifest.json
qwen_candidate_conditioned_trace_verifier,other,experiments/qwen_candidate_conditioned_trace_verifier/runs/main_candidate_conditioned_qwen_trace_verifier_v1/full_embedding_manifest.json
qwen_candidate_conditioned_trace_verifier,other,experiments/qwen_candidate_conditioned_trace_verifier/runs/main_candidate_conditioned_qwen_trace_verifier_v1/prompt_only_embedding_manifest.json
qwen_candidate_conditioned_trace_verifier,other,experiments/qwen_candidate_conditioned_trace_verifier/runs/main_candidate_conditioned_qwen_trace_verifier_v1/selection_manifest.json
qwen_candidate_conditioned_trace_verifier,other,experiments/qwen_candidate_conditioned_trace_verifier/runs/main_candidate_conditioned_qwen_trace_verifier_v1/trace_corrupt_embedding_manifest.json
qwen_candidate_conditioned_trace_verifier,other,experiments/qwen_candidate_conditioned_trace_verifier/runs/main_candidate_conditioned_qwen_trace_verifier_v2/checkpoint_manifest.json
qwen_candidate_conditioned_trace_verifier,other,experiments/qwen_candidate_conditioned_trace_verifier/runs/main_candidate_conditioned_qwen_trace_verifier_v2/selection_manifest.json
qwen_candidate_conditioned_trace_verifier,other,experiments/qwen_candidate_conditioned_trace_verifier/runs/smoke_candidate_conditioned_qwen_trace_verifier/candidate_only_embedding_manifest.json
qwen_candidate_conditioned_trace_verifier,other,experiments/qwen_candidate_conditioned_trace_verifier/runs/smoke_candidate_conditioned_qwen_trace_verifier/checkpoint_manifest.json
qwen_candidate_conditioned_trace_verifier,other,experiments/qwen_candidate_conditioned_trace_verifier/runs/smoke_candidate_conditioned_qwen_trace_verifier/full_embedding_manifest.json
qwen_candidate_conditioned_trace_verifier,other,experiments/qwen_candidate_conditioned_trace_verifier/runs/smoke_candidate_conditioned_qwen_trace_verifier/prompt_only_embedding_manifest.json
qwen_candidate_conditioned_trace_verifier,other,experiments/qwen_candidate_conditioned_trace_verifier/runs/smoke_candidate_conditioned_qwen_trace_verifier/selection_manifest.json
qwen_candidate_conditioned_trace_verifier,other,experiments/qwen_candidate_conditioned_trace_verifier/runs/smoke_candidate_conditioned_qwen_trace_verifier/trace_corrupt_embedding_manifest.json
qwen_candidate_conditioned_trace_verifier,other,experiments/qwen_candidate_conditioned_trace_verifier/runs/smoke_candidate_conditioned_qwen_trace_verifier_v2/candidate_only_embedding_manifest.json
qwen_candidate_conditioned_trace_verifier,other,experiments/qwen_candidate_conditioned_trace_verifier/runs/smoke_candidate_conditioned_qwen_trace_verifier_v2/checkpoint_manifest.json
qwen_candidate_conditioned_trace_verifier,other,experiments/qwen_candidate_conditioned_trace_verifier/runs/smoke_candidate_conditioned_qwen_trace_verifier_v2/full_embedding_manifest.json
qwen_candidate_conditioned_trace_verifier,other,experiments/qwen_candidate_conditioned_trace_verifier/runs/smoke_candidate_conditioned_qwen_trace_verifier_v2/prompt_only_embedding_manifest.json
qwen_candidate_conditioned_trace_verifier,other,experiments/qwen_candidate_conditioned_trace_verifier/runs/smoke_candidate_conditioned_qwen_trace_verifier_v2/selection_manifest.json
qwen_candidate_conditioned_trace_verifier,other,experiments/qwen_candidate_conditioned_trace_verifier/runs/smoke_candidate_conditioned_qwen_trace_verifier_v2/trace_corrupt_embedding_manifest.json
qwen_candidate_trace_verifier,checkpoint,experiments/qwen_candidate_trace_verifier/checkpoint_manifest.csv
qwen_checkpoint_scheduled_state_compiler,checkpoint,experiments/qwen_checkpoint_scheduled_state_compiler/checkpoint_manifest.csv
qwen_compiler_multiseed_reattribution,checkpoint,experiments/qwen_compiler_multiseed_reattribution/checkpoint_manifest.csv
qwen_compiler_multiseed_reattribution,other,experiments/qwen_compiler_multiseed_reattribution/main_suite_manifest.json
qwen_compiler_multiseed_reattribution,other,experiments/qwen_compiler_multiseed_reattribution/pilot_suite_manifest.json
qwen_compiler_multiseed_reattribution,checkpoint,experiments/qwen_compiler_multiseed_reattribution/runs/main_expand_copy_seed123/checkpoint_manifest.csv
qwen_compiler_multiseed_reattribution,checkpoint,experiments/qwen_compiler_multiseed_reattribution/runs/main_expand_copy_seed456/checkpoint_manifest.csv
qwen_compiler_multiseed_reattribution,checkpoint,experiments/qwen_compiler_multiseed_reattribution/runs/main_expand_copy_seed789/checkpoint_manifest.csv
qwen_compiler_multiseed_reattribution,checkpoint,experiments/qwen_compiler_multiseed_reattribution/runs/main_max24_curriculum_seed123/checkpoint_manifest.csv
qwen_compiler_multiseed_reattribution,checkpoint,experiments/qwen_compiler_multiseed_reattribution/runs/main_max24_curriculum_seed456/checkpoint_manifest.csv
qwen_compiler_multiseed_reattribution,checkpoint,experiments/qwen_compiler_multiseed_reattribution/runs/main_max24_curriculum_seed789/checkpoint_manifest.csv
qwen_compiler_multiseed_reattribution,checkpoint,experiments/qwen_compiler_multiseed_reattribution/runs/main_max24_no_curriculum_seed123/checkpoint_manifest.csv
qwen_compiler_multiseed_reattribution,checkpoint,experiments/qwen_compiler_multiseed_reattribution/runs/main_max24_no_curriculum_seed456/checkpoint_manifest.csv
qwen_compiler_multiseed_reattribution,checkpoint,experiments/qwen_compiler_multiseed_reattribution/runs/main_max24_no_curriculum_seed789/checkpoint_manifest.csv
qwen_compiler_multiseed_reattribution,other,experiments/qwen_compiler_multiseed_reattribution/smoke_suite_manifest.json
qwen_complete_program_trace_reranker,checkpoint,experiments/qwen_complete_program_trace_reranker/checkpoint_manifest.csv
qwen_compositional_curriculum_abi,checkpoint,experiments/qwen_compositional_curriculum_abi/checkpoint_manifest.csv
qwen_constrained_abi_parser,checkpoint,experiments/qwen_constrained_abi_parser/checkpoint_manifest.csv
qwen_context_trace_verifier,checkpoint,experiments/qwen_context_trace_verifier/checkpoint_manifest.csv
qwen_counterfactual_trace_preference_distillation,checkpoint,experiments/qwen_counterfactual_trace_preference_distillation/checkpoint_manifest.csv
qwen_counterfactual_trace_preference_distillation,dataset,experiments/qwen_counterfactual_trace_preference_distillation/runs/main_counterfactual_trace_preference_s192_c1024/dataset_manifest.json
qwen_counterfactual_trace_preference_distillation,dataset,experiments/qwen_counterfactual_trace_preference_distillation/runs/pilot_pref_s96_c256_features/dataset_manifest.json
qwen_counterfactual_trace_preference_distillation,dataset,experiments/qwen_counterfactual_trace_preference_distillation/runs/pilot_pref_s96_c256_m192/dataset_manifest.json
qwen_counterfactual_trace_preference_distillation,dataset,experiments/qwen_counterfactual_trace_preference_distillation/runs/smoke_counterfactual_pref/dataset_manifest.json
qwen_counterfactual_trace_preference_distillation,dataset,experiments/qwen_counterfactual_trace_preference_distillation/runs/smoke_counterfactual_pref_v2/dataset_manifest.json
qwen_crystallized_trace_abi_tournament,checkpoint,experiments/qwen_crystallized_trace_abi_tournament/checkpoint_manifest.csv
qwen_crystallized_trace_abi_tournament,dataset,experiments/qwen_crystallized_trace_abi_tournament/runs/main_v1_data_s101/dataset_manifest.json
qwen_crystallized_trace_abi_tournament,dataset,experiments/qwen_crystallized_trace_abi_tournament/runs/main_v1_data_s202/dataset_manifest.json
qwen_crystallized_trace_abi_tournament,dataset,experiments/qwen_crystallized_trace_abi_tournament/runs/pilot_v1_data_s101/dataset_manifest.json
qwen_crystallized_trace_abi_tournament,dataset,experiments/qwen_crystallized_trace_abi_tournament/runs/smoke_v1_data_s101/dataset_manifest.json
qwen_dense_state_dagger_vm_agent,checkpoint,experiments/qwen_dense_state_dagger_vm_agent/checkpoint_manifest.csv
qwen_dense_state_dagger_vm_agent,dataset,experiments/qwen_dense_state_dagger_vm_agent/runs/main_joint_action_calibrated_s256_r2/dataset_manifest.json
qwen_dense_state_dagger_vm_agent,dataset,experiments/qwen_dense_state_dagger_vm_agent/runs/pilot_dense_state_dagger_s96_r2/dataset_manifest.json
qwen_dense_state_dagger_vm_agent,dataset,experiments/qwen_dense_state_dagger_vm_agent/runs/pilot_joint_action_s96_r2/dataset_manifest.json
qwen_dense_state_dagger_vm_agent,dataset,experiments/qwen_dense_state_dagger_vm_agent/runs/smoke_dense_state_dagger/dataset_manifest.json
qwen_dense_state_dagger_vm_agent,dataset,experiments/qwen_dense_state_dagger_vm_agent/runs/smoke_dense_state_joint_action/dataset_manifest.json
qwen_extrapolation_bound_abi,checkpoint,experiments/qwen_extrapolation_bound_abi/checkpoint_manifest.csv
qwen_fastweight_hook,checkpoint,experiments/qwen_fastweight_hook/checkpoint_manifest.csv
qwen_fuyu_vm_grpo_echo,checkpoint,experiments/qwen_fuyu_vm_grpo_echo/checkpoint_manifest.csv
qwen_fuyu_vm_grpo_echo,dataset,experiments/qwen_fuyu_vm_grpo_echo/runs/pilot_fuyu_grpo_echo_anchor_s32_20260624/dataset_manifest.json
qwen_fuyu_vm_grpo_echo,dataset,experiments/qwen_fuyu_vm_grpo_echo/runs/pilot_process_dpo_s32_20260624/dataset_manifest.json
qwen_fuyu_vm_grpo_echo,dataset,experiments/qwen_fuyu_vm_grpo_echo/runs/pilot_shaped_echo_s32_20260624/dataset_manifest.json
qwen_fuyu_vm_grpo_echo,dataset,experiments/qwen_fuyu_vm_grpo_echo/runs/smoke_fuyu_grpo_echo_20260624/dataset_manifest.json
qwen_fuyu_vm_grpo_echo,dataset,experiments/qwen_fuyu_vm_grpo_echo/runs/smoke_fuyu_grpo_echo_anchor_20260624/dataset_manifest.json
qwen_fuyu_vm_grpo_echo,dataset,experiments/qwen_fuyu_vm_grpo_echo/runs/smoke_fuyu_grpo_echo_shaped_20260624/dataset_manifest.json
qwen_fuyu_vm_grpo_echo,dataset,experiments/qwen_fuyu_vm_grpo_echo/runs/smoke_process_dpo_20260624/dataset_manifest.json
qwen_hidden_vm_curriculum_repair,checkpoint,experiments/qwen_hidden_vm_curriculum_repair/checkpoint_manifest.csv
qwen_hidden_vm_mixed_domains,checkpoint,experiments/qwen_hidden_vm_mixed_domains/checkpoint_manifest.csv
qwen_hidden_vm_onpolicy_canonical_repair,checkpoint,experiments/qwen_hidden_vm_onpolicy_canonical_repair/checkpoint_manifest.csv
qwen_inpolicy_vm_echo_distillation,checkpoint,experiments/qwen_inpolicy_vm_echo_distillation/checkpoint_manifest.csv
qwen_inpolicy_vm_echo_distillation,dataset,experiments/qwen_inpolicy_vm_echo_distillation/runs/main_inpolicy_vm_echo_s192_w010/dataset_manifest.json
qwen_inpolicy_vm_echo_distillation,dataset,experiments/qwen_inpolicy_vm_echo_distillation/runs/pilot_inpolicy_vm_echo_s96_w010/dataset_manifest.json
qwen_inpolicy_vm_echo_distillation,dataset,experiments/qwen_inpolicy_vm_echo_distillation/runs/pilot_inpolicy_vm_echo_s96_w010_r2/dataset_manifest.json
qwen_inpolicy_vm_echo_distillation,dataset,experiments/qwen_inpolicy_vm_echo_distillation/runs/pilot_inpolicy_vm_echo_s96_w035/dataset_manifest.json
qwen_inpolicy_vm_echo_distillation,dataset,experiments/qwen_inpolicy_vm_echo_distillation/runs/smoke_inpolicy_vm_echo/dataset_manifest.json
qwen_inpolicy_vm_echo_distillation,dataset,experiments/qwen_inpolicy_vm_echo_distillation/runs/smoke_inpolicy_vm_echo_v2/dataset_manifest.json
qwen_iterative_repair_policy,checkpoint,experiments/qwen_iterative_repair_policy/checkpoint_manifest.csv
qwen_large_abi_nested_compiler,checkpoint,experiments/qwen_large_abi_nested_compiler/checkpoint_manifest.csv
qwen_latent_beam_program_compiler,checkpoint,experiments/qwen_latent_beam_program_compiler/checkpoint_manifest.csv
qwen_learned_repair_verifier,checkpoint,experiments/qwen_learned_repair_verifier/checkpoint_manifest.csv
qwen_lora_parser_compiler,checkpoint,experiments/qwen_lora_parser_compiler/checkpoint_manifest.csv
qwen_lora_typed_bytecode_trace_compiler,checkpoint,experiments/qwen_lora_typed_bytecode_trace_compiler/checkpoint_manifest.csv
qwen_lora_typed_bytecode_trace_compiler,dataset,experiments/qwen_lora_typed_bytecode_trace_compiler/runs/control_qwen3_4b_frozen_trace_s512/dataset_manifest.json
qwen_lora_typed_bytecode_trace_compiler,dataset,experiments/qwen_lora_typed_bytecode_trace_compiler/runs/control_qwen3_4b_qlora_answer_s512/dataset_manifest.json
qwen_lora_typed_bytecode_trace_compiler,dataset,experiments/qwen_lora_typed_bytecode_trace_compiler/runs/main_qwen3_4b_qlora_trace_ei_s256_u1024/dataset_manifest.json
qwen_lora_typed_bytecode_trace_compiler,dataset,experiments/qwen_lora_typed_bytecode_trace_compiler/runs/main_qwen3_4b_qlora_trace_s512/dataset_manifest.json
qwen_lora_typed_bytecode_trace_compiler,dataset,experiments/qwen_lora_typed_bytecode_trace_compiler/runs/pilot_qwen3_4b_qlora_trace_s128/dataset_manifest.json
qwen_lora_typed_bytecode_trace_compiler,dataset,experiments/qwen_lora_typed_bytecode_trace_compiler/runs/smoke_qwen3_4b_qlora_trace/dataset_manifest.json
qwen_mixed_domain_trace_verifier,checkpoint,experiments/qwen_mixed_domain_trace_verifier/checkpoint_manifest.csv
qwen_numeric_copy_compiler,checkpoint,experiments/qwen_numeric_copy_compiler/checkpoint_manifest.csv
qwen_onpolicy_repair_compiler,checkpoint,experiments/qwen_onpolicy_repair_compiler/checkpoint_manifest.csv
qwen_prefix_state_process_verifier,checkpoint,experiments/qwen_prefix_state_process_verifier/checkpoint_manifest.csv
qwen_prefix_state_process_verifier,dataset,experiments/qwen_prefix_state_process_verifier/runs/main_prefix_state_verifier_s512/dataset_manifest.json
qwen_prefix_state_process_verifier,dataset,experiments/qwen_prefix_state_process_verifier/runs/pilot_prefix_state_verifier_s128/dataset_manifest.json
qwen_prefix_state_process_verifier,dataset,experiments/qwen_prefix_state_process_verifier/runs/smoke_prefix_state_verifier/dataset_manifest.json
qwen_program_only_executable_abi,checkpoint,experiments/qwen_program_only_executable_abi/checkpoint_manifest.csv
qwen_program_only_executable_abi,dataset,experiments/qwen_program_only_executable_abi/runs/main_v1_data_s101/dataset_manifest.json
qwen_program_only_executable_abi,dataset,experiments/qwen_program_only_executable_abi/runs/main_v1_data_s202/dataset_manifest.json
qwen_program_only_executable_abi,dataset,experiments/qwen_program_only_executable_abi/runs/pilot_v1_data_s101/dataset_manifest.json
qwen_program_only_executable_abi,dataset,experiments/qwen_program_only_executable_abi/runs/smoke_v1_data_s101/dataset_manifest.json
qwen_progressive_repair_compiler,checkpoint,experiments/qwen_progressive_repair_compiler/checkpoint_manifest.csv
qwen_readable_candidate_verifier,other,experiments/qwen_readable_candidate_verifier/runs/main_qwen_readable_candidate_verifier_v1/selection_manifest.json
qwen_readable_candidate_verifier,other,experiments/qwen_readable_candidate_verifier/runs/main_qwen_readable_candidate_verifier_v1/task_value_embedding_manifest.json
qwen_readable_candidate_verifier,other,experiments/qwen_readable_candidate_verifier/runs/main_qwen_readable_candidate_verifier_v2/program_equiv_embedding_manifest.json
qwen_readable_candidate_verifier,other,experiments/qwen_readable_candidate_verifier/runs/main_qwen_readable_candidate_verifier_v2/program_final_embedding_manifest.json
qwen_readable_candidate_verifier,other,experiments/qwen_readable_candidate_verifier/runs/main_qwen_readable_candidate_verifier_v2/selection_manifest.json
qwen_readable_candidate_verifier,other,experiments/qwen_readable_candidate_verifier/runs/main_qwen_readable_candidate_verifier_v3/selection_manifest.json
qwen_readable_candidate_verifier,other,experiments/qwen_readable_candidate_verifier/runs/main_qwen_readable_candidate_verifier_v4/selection_manifest.json
qwen_readable_candidate_verifier,other,experiments/qwen_readable_candidate_verifier/runs/main_qwen_readable_candidate_verifier_v5/candidate_only_embedding_manifest.json
qwen_readable_candidate_verifier,other,experiments/qwen_readable_candidate_verifier/runs/main_qwen_readable_candidate_verifier_v5/checkpoint_manifest.json
qwen_readable_candidate_verifier,other,experiments/qwen_readable_candidate_verifier/runs/main_qwen_readable_candidate_verifier_v5/program_trace_embedding_manifest.json
qwen_readable_candidate_verifier,other,experiments/qwen_readable_candidate_verifier/runs/main_qwen_readable_candidate_verifier_v5/prompt_only_embedding_manifest.json
qwen_readable_candidate_verifier,other,experiments/qwen_readable_candidate_verifier/runs/main_qwen_readable_candidate_verifier_v5/selection_manifest.json
qwen_readable_candidate_verifier,other,experiments/qwen_readable_candidate_verifier/runs/main_qwen_readable_candidate_verifier_v5/trace_corrupt_embedding_manifest.json
qwen_readable_candidate_verifier,other,experiments/qwen_readable_candidate_verifier/runs/smoke_qwen_readable_candidate_verifier_v1/candidate_only_embedding_manifest.json
qwen_readable_candidate_verifier,other,experiments/qwen_readable_candidate_verifier/runs/smoke_qwen_readable_candidate_verifier_v1/checkpoint_manifest.json
qwen_readable_candidate_verifier,other,experiments/qwen_readable_candidate_verifier/runs/smoke_qwen_readable_candidate_verifier_v1/program_final_embedding_manifest.json
qwen_readable_candidate_verifier,other,experiments/qwen_readable_candidate_verifier/runs/smoke_qwen_readable_candidate_verifier_v1/program_trace_embedding_manifest.json
qwen_readable_candidate_verifier,other,experiments/qwen_readable_candidate_verifier/runs/smoke_qwen_readable_candidate_verifier_v1/prompt_only_embedding_manifest.json
qwen_readable_candidate_verifier,other,experiments/qwen_readable_candidate_verifier/runs/smoke_qwen_readable_candidate_verifier_v1/selection_manifest.json
qwen_readable_candidate_verifier,other,experiments/qwen_readable_candidate_verifier/runs/smoke_qwen_readable_candidate_verifier_v1/task_value_embedding_manifest.json
qwen_readable_candidate_verifier,other,experiments/qwen_readable_candidate_verifier/runs/smoke_qwen_readable_candidate_verifier_v1/trace_corrupt_embedding_manifest.json
qwen_readable_candidate_verifier,other,experiments/qwen_readable_candidate_verifier/runs/smoke_qwen_readable_candidate_verifier_v2/candidate_only_embedding_manifest.json
qwen_readable_candidate_verifier,other,experiments/qwen_readable_candidate_verifier/runs/smoke_qwen_readable_candidate_verifier_v2/checkpoint_manifest.json
qwen_readable_candidate_verifier,other,experiments/qwen_readable_candidate_verifier/runs/smoke_qwen_readable_candidate_verifier_v2/program_final_embedding_manifest.json
qwen_readable_candidate_verifier,other,experiments/qwen_readable_candidate_verifier/runs/smoke_qwen_readable_candidate_verifier_v2/program_trace_embedding_manifest.json
qwen_readable_candidate_verifier,other,experiments/qwen_readable_candidate_verifier/runs/smoke_qwen_readable_candidate_verifier_v2/prompt_only_embedding_manifest.json
qwen_readable_candidate_verifier,other,experiments/qwen_readable_candidate_verifier/runs/smoke_qwen_readable_candidate_verifier_v2/selection_manifest.json
qwen_readable_candidate_verifier,other,experiments/qwen_readable_candidate_verifier/runs/smoke_qwen_readable_candidate_verifier_v2/task_value_embedding_manifest.json
qwen_readable_candidate_verifier,other,experiments/qwen_readable_candidate_verifier/runs/smoke_qwen_readable_candidate_verifier_v2/trace_corrupt_embedding_manifest.json
qwen_recurrent_vm_repair_policy,checkpoint,experiments/qwen_recurrent_vm_repair_policy/checkpoint_manifest.csv
qwen_recurrent_vm_repair_policy,dataset,experiments/qwen_recurrent_vm_repair_policy/runs/main_recurrent_vm_repair_crossattn_dagger3_s192_c1024/dataset_manifest.json
qwen_recurrent_vm_repair_policy,dataset,experiments/qwen_recurrent_vm_repair_policy/runs/pilot_recurrent_vm_repair_crossattn_dagger3_s96_c256/dataset_manifest.json
qwen_recurrent_vm_repair_policy,dataset,experiments/qwen_recurrent_vm_repair_policy/runs/pilot_recurrent_vm_repair_crossattn_s96_c256/dataset_manifest.json
qwen_recurrent_vm_repair_policy,dataset,experiments/qwen_recurrent_vm_repair_policy/runs/pilot_recurrent_vm_repair_masked_s96_c256/dataset_manifest.json
qwen_recurrent_vm_repair_policy,dataset,experiments/qwen_recurrent_vm_repair_policy/runs/pilot_recurrent_vm_repair_s96_c256/dataset_manifest.json
qwen_recurrent_vm_repair_policy,dataset,experiments/qwen_recurrent_vm_repair_policy/runs/smoke_recurrent_vm_repair/dataset_manifest.json
qwen_recurrent_vm_repair_policy,dataset,experiments/qwen_recurrent_vm_repair_policy/runs/smoke_recurrent_vm_repair_factorized/dataset_manifest.json
qwen_recurrent_vm_repair_policy,dataset,experiments/qwen_recurrent_vm_repair_policy/runs/smoke_recurrent_vm_repair_v2/dataset_manifest.json
qwen_register_structured_runtime,checkpoint,experiments/qwen_register_structured_runtime/checkpoint_manifest.csv
qwen_register_token_latent_compiler,checkpoint,experiments/qwen_register_token_latent_compiler/checkpoint_manifest.csv
qwen_register_trace_refiner,checkpoint,experiments/qwen_register_trace_refiner/checkpoint_manifest.csv
qwen_search_augmented_rollout_distillation,checkpoint,experiments/qwen_search_augmented_rollout_distillation/checkpoint_manifest.csv
qwen_search_augmented_rollout_distillation,dataset,experiments/qwen_search_augmented_rollout_distillation/runs/main_search_r1_rank00_e2_20260624/dataset_manifest.json
qwen_search_augmented_rollout_distillation,dataset,experiments/qwen_search_augmented_rollout_distillation/runs/pilot_search_r1_rank00_e2_20260624/dataset_manifest.json
qwen_search_augmented_rollout_distillation,dataset,experiments/qwen_search_augmented_rollout_distillation/runs/pilot_search_r2_rank05_20260624/dataset_manifest.json
qwen_search_augmented_rollout_distillation,dataset,experiments/qwen_search_augmented_rollout_distillation/runs/smoke_search_rollout_distill_20260624/dataset_manifest.json
qwen_search_augmented_rollout_distillation,dataset,experiments/qwen_search_augmented_rollout_distillation/runs/smoke_search_rollout_distill_guided_20260624/dataset_manifest.json
qwen_semantic_prefix_value_model,checkpoint,experiments/qwen_semantic_prefix_value_model/checkpoint_manifest.csv
qwen_semantic_prefix_value_model,dataset,experiments/qwen_semantic_prefix_value_model/runs/main_semantic_prefix_value_s512_top1/dataset_manifest.json
qwen_semantic_prefix_value_model,dataset,experiments/qwen_semantic_prefix_value_model/runs/pilot_semantic_prefix_value_s128/dataset_manifest.json
qwen_semantic_prefix_value_model,dataset,experiments/qwen_semantic_prefix_value_model/runs/pilot_semantic_prefix_value_s128_cached/dataset_manifest.json
qwen_semantic_prefix_value_model,dataset,experiments/qwen_semantic_prefix_value_model/runs/pilot_semantic_prefix_value_s128_ranked/dataset_manifest.json
qwen_semantic_prefix_value_model,dataset,experiments/qwen_semantic_prefix_value_model/runs/pilot_semantic_prefix_value_s128_top1/dataset_manifest.json
qwen_semantic_prefix_value_model,dataset,experiments/qwen_semantic_prefix_value_model/runs/smoke_semantic_prefix_value/dataset_manifest.json
qwen_shared_parser_compiler,checkpoint,experiments/qwen_shared_parser_compiler/checkpoint_manifest.csv
qwen_slot_repair_distillation,checkpoint,experiments/qwen_slot_repair_distillation/checkpoint_manifest.csv
qwen_slot_stability_compiler,checkpoint,experiments/qwen_slot_stability_compiler/checkpoint_manifest.csv
qwen_span_free_compiler,checkpoint,experiments/qwen_span_free_compiler/checkpoint_manifest.csv
qwen_state_ladder_compiler,checkpoint,experiments/qwen_state_ladder_compiler/checkpoint_manifest.csv
qwen_structural_compiler_attribution_ablation,checkpoint,experiments/qwen_structural_compiler_attribution_ablation/checkpoint_manifest.csv
qwen_structural_compiler_attribution_ablation,checkpoint,experiments/qwen_structural_compiler_attribution_ablation/runs/main_expand_copy_s750/checkpoint_manifest.csv
qwen_structural_compiler_attribution_ablation,checkpoint,experiments/qwen_structural_compiler_attribution_ablation/runs/main_expand_random_new_slots_s750/checkpoint_manifest.csv
qwen_structural_compiler_attribution_ablation,checkpoint,experiments/qwen_structural_compiler_attribution_ablation/runs/main_max24_curriculum_s750/checkpoint_manifest.csv
qwen_structural_compiler_attribution_ablation,checkpoint,experiments/qwen_structural_compiler_attribution_ablation/runs/main_max24_no_curriculum_s750/checkpoint_manifest.csv
qwen_structural_compiler_attribution_ablation,checkpoint,experiments/qwen_structural_compiler_attribution_ablation/runs/main_train_to16_eval24_s750/checkpoint_manifest.csv
qwen_structural_latent_compiler_expansion,checkpoint,experiments/qwen_structural_latent_compiler_expansion/checkpoint_manifest.csv
qwen_structural_latent_compiler_expansion,checkpoint,experiments/qwen_structural_latent_compiler_expansion/runs/main_qwen_structural_expansion_s750/checkpoint_manifest.csv
qwen_structural_latent_compiler_expansion,checkpoint,experiments/qwen_structural_latent_compiler_expansion/runs/pilot_qwen_structural_expansion_s90/checkpoint_manifest.csv
qwen_structured_bridge,checkpoint,experiments/qwen_structured_bridge/checkpoint_manifest.csv
qwen_tail_repair_stability_critic,other,experiments/qwen_tail_repair_stability_critic/runs/main_tail_repair_critic_focus_v2/source_manifest.json
qwen_tail_repair_stability_critic,other,experiments/qwen_tail_repair_stability_critic/runs/main_tail_repair_critic_v1/cache_manifest.json
qwen_tail_repair_stability_critic,other,experiments/qwen_tail_repair_stability_critic/runs/main_tail_repair_critic_v1/source_manifest.json
qwen_tail_repair_stability_critic,other,experiments/qwen_tail_repair_stability_critic/runs/smoke_tail_repair_critic/cache_manifest.json
qwen_tail_repair_stability_critic,other,experiments/qwen_tail_repair_stability_critic/runs/smoke_tail_repair_critic/source_manifest.json
qwen_teacher_distilled_slot_compiler,checkpoint,experiments/qwen_teacher_distilled_slot_compiler/checkpoint_manifest.csv
qwen_trace_bootstrap_retention,checkpoint,experiments/qwen_trace_bootstrap_retention/checkpoint_manifest.csv
qwen_trace_procedure_depth_stress,checkpoint,experiments/qwen_trace_procedure_depth_stress/checkpoint_manifest.csv
qwen_typed_bytecode_expert_iteration,checkpoint,experiments/qwen_typed_bytecode_expert_iteration/checkpoint_manifest.csv
qwen_typed_bytecode_expert_iteration,dataset,experiments/qwen_typed_bytecode_expert_iteration/runs/main_typed_bytecode_ei_s384_u4096/dataset_manifest.json
qwen_typed_bytecode_expert_iteration,dataset,experiments/qwen_typed_bytecode_expert_iteration/runs/pilot_expert_iteration_r3_s256/dataset_manifest.json
qwen_typed_bytecode_expert_iteration,dataset,experiments/qwen_typed_bytecode_expert_iteration/runs/pilot_supervised_ceiling_s2048/dataset_manifest.json
qwen_typed_bytecode_expert_iteration,dataset,experiments/qwen_typed_bytecode_expert_iteration/runs/pilot_typed_bytecode_ei_s128/dataset_manifest.json
qwen_typed_bytecode_expert_iteration,dataset,experiments/qwen_typed_bytecode_expert_iteration/runs/qwen_head_pilot_s384_u2048/dataset_manifest.json
qwen_typed_bytecode_expert_iteration,dataset,experiments/qwen_typed_bytecode_expert_iteration/runs/smoke_frozen_qwen_head/dataset_manifest.json
qwen_typed_bytecode_expert_iteration,dataset,experiments/qwen_typed_bytecode_expert_iteration/runs/smoke_typed_bytecode_ei/dataset_manifest.json
qwen_typed_bytecode_expert_iteration,dataset,experiments/qwen_typed_bytecode_expert_iteration/runs/smoke_typed_bytecode_ei_v2/dataset_manifest.json
qwen_verifier_guided_slot_repair,checkpoint,experiments/qwen_verifier_guided_slot_repair/checkpoint_manifest.csv
qwen_vm_agent_echo_qlora,checkpoint,experiments/qwen_vm_agent_echo_qlora/checkpoint_manifest.csv
qwen_vm_agent_echo_qlora,dataset,experiments/qwen_vm_agent_echo_qlora/runs/main_vm_agent_echo_blank_a512_stoprule/dataset_manifest.json
qwen_vm_agent_echo_qlora,dataset,experiments/qwen_vm_agent_echo_qlora/runs/pilot_vm_agent_echo_blank_a128/dataset_manifest.json
qwen_vm_agent_echo_qlora,dataset,experiments/qwen_vm_agent_echo_qlora/runs/pilot_vm_agent_echo_blank_exactstop_a128/dataset_manifest.json
qwen_vm_agent_echo_qlora,dataset,experiments/qwen_vm_agent_echo_qlora/runs/pilot_vm_agent_echo_s64_a96/dataset_manifest.json
qwen_vm_agent_echo_qlora,dataset,experiments/qwen_vm_agent_echo_qlora/runs/smoke_vm_agent_echo/dataset_manifest.json
qwen_vm_agent_echo_qlora,dataset,experiments/qwen_vm_agent_echo_qlora/runs/smoke_vm_agent_echo_v2/dataset_manifest.json
qwen_vm_echo_trace_distillation,checkpoint,experiments/qwen_vm_echo_trace_distillation/checkpoint_manifest.csv
qwen_vm_echo_trace_distillation,dataset,experiments/qwen_vm_echo_trace_distillation/runs/main_vm_echo_s192_w003/dataset_manifest.json
qwen_vm_echo_trace_distillation,dataset,experiments/qwen_vm_echo_trace_distillation/runs/pilot_vm_echo_s96/dataset_manifest.json
qwen_vm_echo_trace_distillation,dataset,experiments/qwen_vm_echo_trace_distillation/runs/pilot_vm_echo_s96_w003/dataset_manifest.json
qwen_vm_echo_trace_distillation,dataset,experiments/qwen_vm_echo_trace_distillation/runs/pilot_vm_echo_s96_w010/dataset_manifest.json
qwen_vm_echo_trace_distillation,dataset,experiments/qwen_vm_echo_trace_distillation/runs/smoke_vm_echo/dataset_manifest.json
qwen_vm_echo_trace_distillation,dataset,experiments/qwen_vm_echo_trace_distillation/runs/smoke_vm_echo_masked/dataset_manifest.json
real_transform_abi_gate_with_counterexamples,large-artifact,experiments/real_transform_abi_gate_with_counterexamples/large_artifacts_manifest.md
rule_family_diversity_scaling,dataset,experiments/rule_family_diversity_scaling/data/dataset_manifest.json
rule_family_diversity_scaling,large-artifact,experiments/rule_family_diversity_scaling/large_artifacts_manifest.md
sampled_query_filter_executor,checkpoint,experiments/sampled_query_filter_executor/checkpoint_manifest.csv
sparse_support_memory_executor,checkpoint,experiments/sparse_support_memory_executor/checkpoint_manifest.csv
structured_slot_initializer_ladder,checkpoint,experiments/structured_slot_initializer_ladder/checkpoint_manifest.csv
targeted_bridge_allocation,dataset,experiments/targeted_bridge_allocation/data/dataset_manifest.json
targeted_bridge_allocation,large-artifact,experiments/targeted_bridge_allocation/large_artifacts_manifest.md
targeted_bridge_allocation,large-artifact,experiments/targeted_bridge_allocation/reports/large_artifacts_manifest.md
trace_keyed_symbol_repair,dataset,experiments/trace_keyed_symbol_repair/data/dataset_manifest.json
trace_keyed_symbol_repair,large-artifact,experiments/trace_keyed_symbol_repair/large_artifacts_manifest.md
